{"coco-wholebody/AP": 0.8441888060292386, "coco-wholebody/AP .5": 0.9951060820367752, "coco-wholebody/AP .75": 0.9544141914191417, "coco-wholebody/AP (M)": 0.7731956457940092, "coco-wholebody/AP (L)": 0.9645037754549448, "coco-wholebody/AR": 0.8619999999999999, "coco-wholebody/AR .5": 1.0, "coco-wholebody/AR .75": 0.96, "coco-wholebody/AR (M)": 0.8030303030303031, "coco-wholebody/AR (L)": 0.9764705882352942}