{"coco/AP": 0.8997478962525254, "coco/AP .5": 0.9684481207861122, "coco/AP .75": 0.9337863173047645, "coco/AP (M)": 0.7521287128712871, "coco/AP (L)": 0.8998447426122848, "coco/AR": 0.9217431834071312, "coco/AR .5": 0.971568398974598, "coco/AR .75": 0.9475646702400373, "coco/AR (M)": 0.7999999999999999, "coco/AR (L)": 0.9219421101774042}